{
  "violation_rate_now": 0.0009166666666666666,
  "max_ratio_now": 1.0000398849277257,
  "q_ratio_now_per_dim": [
    1.0000000000000016,
    1.0000000000000004,
    1.000000000000001,
    0.8547385626776157,
    0.9999999999999973,
    0.8717016827917602,
    1.0000000000000007,
    1.0000000000000193
  ],
  "q_abs_e_now_per_dim": [
    0.04061454401228298,
    0.04052991208011328,
    0.12796287158088376,
    0.10911622256776946,
    0.02191891936027157,
    0.061693289937347455,
    0.05722269027317041,
    0.05729557782422104
  ],
  "z_half_per_dim": [
    0.04061454401228292,
    0.040529912080113265,
    0.12796287158088362,
    0.1276603482425598,
    0.02191891936027163,
    0.07077339777498777,
    0.057222690273170375,
    0.057295577824219936
  ],
  "q_z_scale_suggestion_per_dim": [
    1.0000000000000016,
    1.0000000000000004,
    1.000000000000001,
    0.8547385626776157,
    0.9999999999999973,
    0.8717016827917602,
    1.0000000000000007,
    1.0000000000000193
  ],
  "is_reasonable_at_q": false,
  "task": "tracking",
  "dynamics": "iris_linear",
  "episodes": 200,
  "sim_steps": 120,
  "horizon": 30,
  "disturbance_scale": 1.0,
  "disturbance_mode": "force_only",
  "force_bound_mg": 0.05,
  "quantile": 0.99,
  "seed": 0,
  "gamma_x": 1.0,
  "gamma_u": 1.0,
  "gamma_x_per_dim": [
    123.10860854397052,
    123.36567595105494,
    46.88860077829279,
    46.999715123757596,
    109.49444908995085,
    42.388808426832924,
    10.485351127947894,
    10.472012374860254
  ],
  "gamma_u_per_dim": [
    6.898406558825091,
    1.1148930128912393,
    1.089970861434234
  ],
  "bottleneck_x_dim": 7,
  "bottleneck_u_dim": 2,
  "w_half_base": [
    0.003439192717755063,
    0.003,
    0.006,
    0.006,
    0.008,
    0.012,
    0.002,
    0.002
  ],
  "w_half_force": [
    0.0014154680043371112,
    0.0014154680043371112,
    0.02830936008674222,
    0.02830936008674222,
    0.0014154680043371112,
    0.02830936008674222,
    0.0,
    0.0
  ],
  "used_w_half": [
    0.0014154680043371112,
    0.0014154680043371112,
    0.02830936008674222,
    0.02830936008674222,
    0.0014154680043371112,
    0.02830936008674222,
    0.0,
    0.0
  ]
}