{
  "k_phi": 1.0327508357193318,
  "tau_phi": 0.25827511033756334,
  "r2_phi": 0.2065682748693216,
  "k_theta": 1.0375871057056356,
  "tau_theta": 0.2656344184739439,
  "r2_theta": 0.1956244186506021,
  "n_samples": 7200
}