{
  "method": "discrete_first_order_ls",
  "k_phi": 1.032622078891337,
  "tau_phi": 0.23646944886126184,
  "r2_phi": 0.999356388043635,
  "alpha_phi": 0.966734860540324,
  "beta_phi": 0.03435031746346089,
  "k_theta": 1.0374153949636997,
  "tau_theta": 0.24323448504520204,
  "r2_theta": 0.9992850922002021,
  "alpha_theta": 0.9676449239240131,
  "beta_theta": 0.03356565402645047,
  "dt_median": 0.008000000000000007,
  "n_samples": 7200
}